309_1,0.503643884,0.747193224,0.4301753,2.81632854,5.990151664,0.218830018,0.177565491,2.373744337,0.232223754,c-CS-m
3415_1,0.649781277,0.828696413,0.40586176700000004,2.921434821,5.167979003,0.207174103,0.17664042,3.72808399,0.23928259,c-CS-m
3415_2,0.616480687,0.8419742490000001,0.388583691,2.862575107,5.19416309,0.22343347600000002,0.16772532199999998,3.6482403430000003,0.221030043,c-CS-m
3415_3,0.637424335,0.852881832,0.40056145299999996,2.9681551010000002,5.350820247,0.208790245,0.173260812,3.8145451360000004,0.222300202,c-CS-m
3415_4,0.576814539,0.755389999,0.348346314,2.62490123,4.727508748,0.20589231300000002,0.161192008,3.778530308,0.194152839,c-CS-m
3415_5,0.542544799,0.757917277,0.35005071600000004,2.634509185,4.735602388999999,0.21052631600000002,0.165671137,3.871971148,0.194297306,c-CS-m
3415_6,0.569917613,0.761077711,0.343910042,2.598085059,4.764640392,0.203963483,0.164439991,3.843464707,0.19305277199999998,c-CS-m
3415_7,0.494053315,0.666165414,0.311961722,2.4397812709999998,4.256596036,0.22556391,0.157484621,3.728229665,0.190020506,c-CS-m
3415_8,0.48569198799999996,0.629682622,0.29994797100000004,2.31776795,4.150104058,0.20460457899999998,0.15153486,3.572320499,0.16389177900000002,c-CS-m
3415_9,0.5087248320000001,0.655302013,0.30590604,2.4157046980000003,4.33852349,0.20671140899999998,0.154362416,3.82966443,0.173959732,c-CS-m
3415_10,0.40817650899999997,0.543640493,0.266223232,2.029688514,3.387410772,0.215282284,0.162394549,3.07495133,0.14795587300000002,c-CS-m
3415_11,0.41777705600000004,0.5480987979999999,0.262430939,2.000487488,3.459701007,0.21676958100000002,0.173220669,3.0289242769999998,0.165420864,c-CS-m
3415_12,0.42913257,0.5631751229999999,0.258428805,2.028150573,3.542553191,0.214075286,0.176759411,3.165139116,0.16743044199999998,c-CS-m
3415_13,0.367629118,0.504473363,0.261285075,1.892842619,3.061813745,0.21634810899999998,0.165514437,2.479869866,0.135217568,c-CS-m
3415_14,0.37898724100000003,0.46551036700000004,0.261164274,1.900917065,3.0163476869999997,0.212719298,0.176834131,2.523923445,0.137958533,c-CS-m
3415_15,0.37364837799999995,0.47116539799999996,0.257909491,1.8600320380000002,2.9385262310000004,0.21826191399999997,0.150380457,2.610132159,0.142571085,c-CS-m
3499_1,0.452427356,0.641389086,0.349929128,2.7286498939999997,4.190910702,0.19294826399999998,0.190733522,3.522324592,0.233965273,c-CS-m
3499_2,0.458423717,0.672451193,0.355206074,2.7161062910000004,4.379067245,0.20028922600000001,0.17028199600000002,3.55269342,0.237075199,c-CS-m
3499_3,0.451128496,0.642658034,0.36237748399999997,2.7149536910000003,4.443305458,0.197284417,0.162485388,3.620088122,0.236309684,c-CS-m
3499_4,0.355667789,0.518294052,0.302132435,2.385072952,3.706285073,0.21616161600000003,0.15185185199999998,3.5241301910000002,0.201795735,c-CS-m
3499_5,0.353473637,0.5495587239999999,0.308327676,2.426567097,3.8170400539999996,0.198121747,0.154559855,3.606358905,0.197103417,c-CS-m
3499_6,0.35739376799999995,0.550141643,0.30651558100000004,2.428668555,3.843512748,0.20101983,0.15433427800000002,3.597620397,0.194107649,c-CS-m
3499_7,0.288176638,0.454273504,0.266096866,2.0092592590000002,3.161823362,0.187606838,0.143874644,3.0763532760000003,0.164957265,c-CS-m
3499_8,0.287307033,0.457690109,0.264008005,2.003859348,3.103773585,0.185105775,0.143939394,3.060034305,0.159090909,c-CS-m
3499_9,0.297349903,0.475370564,0.268153915,2.095074113,3.3070818980000003,0.20392274300000002,0.148824674,3.2858212310000003,0.167689774,c-CS-m
3499_10,0.252093802,0.39413735299999997,0.255778894,1.9613065330000001,2.85879397,0.18442211100000003,0.140201005,2.769011725,0.155108878,c-CS-m
3499_11,0.257765024,0.40614449700000005,0.251350439,1.944463201,2.854996624,0.189061445,0.141964889,2.7937204589999998,0.150236327,c-CS-m
3499_12,0.264873254,0.42645283700000003,0.296085532,2.018279014,2.968615278,0.196930505,0.155544059,2.909812037,0.151577858,c-CS-m
3499_13,0.23948948899999997,0.359421922,0.284346847,1.7582582580000001,2.554992492,0.199136637,0.136448949,2.310435435,0.138513514,c-CS-m
3499_14,0.24649336100000002,0.361698148,0.236207219,1.711052927,2.545539555,0.173181223,0.155975313,2.3770338509999998,0.14082663199999998,c-CS-m
3499_15,0.23355079199999998,0.37054986,0.21584343,1.7429636530000001,2.52805219,0.193849021,0.139235788,2.318732526,0.135135135,c-CS-m
3521_1,0.78422619,1.00380291,0.441881614,2.7056051589999996,4.760085978999999,0.222056878,0.196015212,3.9231150789999996,0.277695106,c-CS-m
3521_2,0.7787131190000001,1.063760627,0.447824637,2.8413902319999997,4.975745958,0.223787298,0.199283214,3.979329888,0.273795633,c-CS-m
3521_3,0.767988253,0.945994453,0.431228585,2.7622776960000004,4.456110295,0.21985642,0.190161527,3.8830967530000002,0.261951379,c-CS-m
3521_4,0.646064867,0.893513268,0.386822409,2.581084146,4.319006577,0.236221365,0.189045135,5.238829667,0.234633704,c-CS-m
3521_5,0.7344370109999999,0.876063046,0.387912462,2.541558,4.601655516,0.241070416,0.189250482,5.252863136,0.228937521,c-CS-m
3521_6,0.633406836,0.8686879820000001,0.38147739799999997,2.484785006,4.568467475,0.23638368199999998,0.18566703399999998,4.977287762,0.226681367,c-CS-m
3521_7,0.571314423,0.749633773,0.36316420299999996,2.406711946,4.092289253,0.26141963,0.179651085,5.05779731,0.21028099600000003,c-CS-m
3521_8,0.639173884,0.843304464,0.344836775,2.38934044,4.126449034,0.237841439,0.178814124,5.048500999,0.207728181,c-CS-m
3521_9,0.618862876,0.835317726,0.35197324399999996,2.375518395,4.258996656,0.24066889600000002,0.18207357899999999,5.072909698999999,0.204949833,c-CS-m
3521_10,0.538125219,0.702343477,0.33508219699999997,2.2378454,3.8279118569999997,0.24536551199999998,0.21703392800000001,4.760930395,0.201818818,c-CS-m
3521_11,0.618631991,0.802814393,0.338439615,2.246526541,3.833808336,0.25080156800000003,0.19059494100000002,4.88956181,0.20466690399999998,c-CS-m
3521_12,0.563806777,0.800468637,0.33813987,2.310201875,3.6425739010000004,0.253064167,0.201694304,4.979812545,0.20728190300000002,c-CS-m
3521_13,0.528070175,0.654166667,0.312938596,2.129824561,3.501096491,0.263596491,0.197587719,4.653947368,0.211403509,c-CS-m
3521_14,0.531347265,0.7027567809999999,0.326589595,2.1542907959999997,3.4513116939999997,0.27123165899999996,0.20320142300000002,4.59270787,0.20675855899999998,c-CS-m
3521_15,0.472848789,0.639933166,0.306182122,2.059732665,3.396616541,0.252088555,0.200292398,4.3279030910000005,0.197786132,c-CS-m
3412_1,0.27048168,0.44723480200000004,0.281871827,2.485933855,4.341567174,0.256209688,0.18045835,6.65129683,0.215589406,c-SC-m
3412_2,0.265891907,0.452814338,0.298375805,2.481097732,4.712685522,0.249509941,0.185942313,6.763511621,0.221366564,c-SC-m
3412_3,0.274456908,0.464006815,0.303705807,2.524066449,4.6093994039999995,0.245491978,0.182592645,6.767570638,0.23654692600000002,c-SC-m
3412_4,0.267213395,0.42405604,0.29335383600000003,2.309755681,3.9256791389999997,0.25627883100000004,0.18845036699999998,6.288911669,0.208440116,c-SC-m
3412_5,0.273375043,0.437087244,0.304831422,2.3757386169999997,3.883559263,0.25721237399999997,0.191518943,6.477407021,0.21584984399999999,c-SC-m
3412_6,0.270942867,0.442691903,0.29828251,2.369610936,2.350683491,0.247809324,0.210304942,6.474237645,0.223624255,c-SC-m
3412_7,0.277741866,0.41822883,0.30015083,2.272786037,3.4878259,0.286360698,0.20491273399999999,6.069166127999999,0.211592329,c-SC-m
3412_8,0.292091008,0.419934995,0.299458288,2.291657638,3.6715059589999997,0.27063922,0.19696641399999998,6.048754063,0.213434453,c-SC-m
3412_9,0.28729641699999997,0.44234527700000004,0.294462541,2.271661238,3.709446254,0.262757872,0.198262758,6.013463626,0.222149837,c-SC-m
3412_10,0.27674645800000003,0.397166585,0.304347826,2.138983879,3.207132389,0.277723498,0.200781632,5.605276014,0.20664386899999998,c-SC-m
3412_11,0.26798516699999997,0.40148331299999995,0.299629172,2.146106304,3.2788627939999997,0.256118665,0.20197775,5.705067985,0.21384425199999998,c-SC-m
3412_12,0.26561719100000003,0.403048476,0.321589205,2.18015992,3.184657671,0.274362819,0.212143928,5.701649175,0.223388306,c-SC-m
3412_13,0.2696875,0.408125,0.3171875,2.13875,3.045,0.314375,0.225,5.3215625,0.2259375,c-SC-m
3412_14,0.282872241,0.409698477,0.317687286,2.115635685,2.917935965,0.310848617,0.317065589,5.3577867580000005,0.232825614,c-SC-m
3412_15,0.294270833,0.43229166700000005,0.34635416700000005,2.186197917,3.095052083,0.313802083,0.23600260399999998,5.600260417,0.237630208,c-SC-m
3413_1,0.23192446,0.410251799,0.265467626,2.386870504,4.552428058,0.216546763,0.158992806,5.497302157999999,0.202068345,c-SC-m
3413_2,0.212310673,0.400140895,0.11518140199999999,2.284431138,4.2993131380000005,0.209052483,0.154367735,5.344751673,0.19232124,c-SC-m
3413_3,0.21192739800000002,0.39464131399999997,0.26689714800000003,2.261797753,4.342350908,0.208815903,0.151512532,5.227917027,0.196974935,c-SC-m
3413_4,0.203736072,0.349683199,0.232138956,2.032772558,3.881144855,0.20439152300000002,0.148022722,4.940244702,0.164955211,c-SC-m
3413_5,0.194417077,0.348330597,0.25517241399999996,2.04499179,3.713300493,0.196059113,0.14789272,4.8275862069999995,0.169458128,c-SC-m
3413_6,0.19758904100000002,0.350794521,0.239452055,2.0444931509999997,3.6267397260000003,0.201534247,0.150246575,4.9344657530000005,0.171726027,c-SC-m
3413_7,0.179262795,0.321797932,0.221028905,1.880933439,3.3843808010000003,0.194643331,0.140015911,4.325908247,0.15924158,c-SC-m
3413_8,0.195424837,0.316732026,0.217385621,1.8060130719999998,3.183398693,0.205751634,0.140392157,4.297647059,0.150980392,c-SC-m
3413_9,0.17596454600000003,0.31986444199999997,0.222236705,1.8378519290000002,3.2488269030000003,0.193952033,0.141293014,4.352711157,0.15093847800000001,c-SC-m
3413_10,0.164329535,0.290534619,0.212386795,1.670464505,2.8196026880000002,0.17017236300000002,0.13394683,3.738971662,0.135261467,c-SC-m
3413_11,0.168493351,0.292269472,0.198158702,1.6349554290000001,2.726874178,0.179599591,0.134005553,3.733888645,0.134882362,c-SC-m
3413_12,0.18980305,0.332433291,0.220139771,1.79272554,3.0250952989999997,0.19949174100000003,0.14707751,4.087833545,0.146601017,c-SC-m
3413_13,0.145326504,0.245358515,0.185979513,1.403329065,2.290973111,0.164692702,0.12275928300000001,3.085787452,0.127400768,c-SC-m
3413_14,0.156849197,0.261185006,0.19727068600000003,1.496977025,2.473829677,0.16963206100000003,0.140266022,3.5056140960000004,0.127483158,c-SC-m
3413_15,0.171823312,0.29947460600000003,0.228643705,1.687682428,2.703833431,0.18602841,0.154893948,3.755399883,0.147304923,c-SC-m
3500_1,0.34637699,0.572398469,0.327984199,2.659054438,5.347734848,0.23404518,0.185038884,6.9472904579999994,0.220343168,c-SC-m
3500_2,0.31816646,0.528212637,0.29102376399999996,2.4215564819999997,4.787250817,0.20520328899999998,0.16567181,6.25329429,0.19844577100000002,c-SC-m
3500_3,0.325509147,0.55908411,0.291796111,2.459325739,4.811414107,0.21654585199999998,0.16718444400000002,6.306869175,0.20135772600000001,c-SC-m
3500_4,0.314043548,0.503141897,0.324419114,2.368990209,4.289785182,0.225339763,0.182083881,6.027327196,0.20678065199999998,c-SC-m
3500_5,0.289415656,0.480016538,0.285832415,2.199558986,4.0662899669999995,0.206312018,0.173511577,5.7730154360000006,0.192668137,c-SC-m
3500_6,0.29914056,0.49265317399999997,0.275020793,2.22012753,3.9233434989999996,0.210146937,0.17133351800000002,5.799972276,0.187551982,c-SC-m
3500_7,0.291162949,0.478631023,0.31670355899999997,2.288779159,3.907713264,0.22203303300000002,0.18814915699999998,5.74816959,0.20108973300000002,c-SC-m
3500_8,0.280446927,0.457781325,0.263367917,2.078850758,3.516679968,0.211652035,0.171588188,5.306464485,0.18499601,c-SC-m
3500_9,0.27309628199999997,0.471667478,0.26562753699999997,2.1144666340000002,3.715213509,0.213508686,0.18006169800000002,5.516317583999999,0.18217243100000002,c-SC-m
3500_10,0.28075456600000004,0.441501104,0.27694160100000004,2.030905077,3.307846679,0.21854304600000002,0.195865944,5.1487055989999995,0.17981135899999998,c-SC-m
3500_11,0.272919064,0.42654392,0.26371308,1.95818949,3.094744918,0.21269658600000002,0.178174147,4.782508631000001,0.179324895,c-SC-m
3500_12,0.258342707,0.425384327,0.25815523100000004,1.88863892,2.989876265,0.202662167,0.176040495,4.794338208,0.171353581,c-SC-m
3500_13,0.268021287,0.429608128,0.32075471699999997,1.9617803580000002,2.996371553,0.240203193,0.19835510399999998,4.693517175,0.191340106,c-SC-m
3500_14,0.256469501,0.400878004,0.280268022,1.878465804,2.842652495,0.220425139,0.19085027699999998,4.547597043000001,0.18461183,c-SC-m
3500_15,0.254681648,0.424859551,0.280898876,1.875,2.769662921,0.236657303,0.195224719,4.5589887639999995,0.187265918,c-SC-m
362_1,0.38014464200000003,0.6026298489999999,0.305588429,2.231426693,3.650887574,0.223011177,0.161078238,4.482445759,0.19947403,c-SC-m
362_2,0.371998425,0.597821808,0.29969820199999997,2.214145125,3.711192757,0.19774307800000002,0.16008397800000002,4.503083585,0.18855793199999998,c-SC-m
362_3,0.35694374,0.5821084639999999,0.296756209,2.157881399,3.606436898,0.196401419,0.157121135,4.446908262,0.17650785600000002,c-SC-m
362_4,0.353026168,0.558195537,0.286402312,2.104029539,3.186546797,0.218012522,0.168084765,4.091025847,0.178840905,c-SC-m
362_5,0.35319420100000004,0.551537359,0.289150868,2.090648399,3.3186235460000004,0.19499761,0.161860762,4.05751155,0.18336785100000003,c-SC-m
362_6,0.33718930700000005,0.54244177,0.280287635,2.037986556,3.183992496,0.21009848399999997,0.15632327699999998,4.051117711,0.17289354399999998,c-SC-m
362_7,0.336896354,0.508493987,0.276961252,1.9662149269999998,3.008016797,0.220843672,0.16682573,3.632945219,0.163199084,c-SC-m
362_8,0.321071496,0.504621769,0.265610262,1.89718921,2.894736842,0.200150915,0.166006414,3.586493115,0.16789285,c-SC-m
362_9,0.34235637799999996,0.532229796,0.27614410899999997,1.967478092,3.083349562,0.219279455,0.172151899,3.8060370010000004,0.173515093,c-SC-m
362_10,0.346938776,0.510950722,0.290691887,1.9333001490000001,2.783723245,0.234693878,0.183175709,3.426331508,0.17496266800000002,c-SC-m
362_11,0.345346062,0.484486874,0.27470167100000004,1.8768496419999998,2.681861575,0.19737470199999999,0.183770883,3.293317422,0.172792363,c-SC-m
362_12,0.311823001,0.477068449,0.24959668100000001,1.815164785,2.529154183,0.19635860800000002,0.194053929,3.2864715369999997,0.18022585800000002,c-SC-m
362_13,0.321612903,0.494193548,0.30322580600000004,1.916774194,2.633870968,0.227419355,0.197741935,3.1554838710000004,0.18967741899999999,c-SC-m
362_14,0.317186054,0.48040728200000005,0.284480099,1.839247146,2.5458191919999997,0.21166306699999998,0.18389386,2.9324282630000003,0.175563098,c-SC-m
362_15,0.29530201300000003,0.451998833,0.27866939,1.7084913919999998,2.341406478,0.210388095,0.181791655,2.833965568,0.168077035,c-SC-m
3478_1,0.44583838,0.719069043,0.41901713100000004,2.859231701,5.321076311000001,0.229537982,0.171223395,3.5184287939999996,0.224173732,c-CS-s
3478_2,0.42741655100000003,0.7232267040000001,0.43289290700000005,2.939673157,5.384909597,0.234440195,0.169853964,3.541550765,0.23896036199999998,c-CS-s
3478_3,0.456785746,0.7507313179999999,0.463256803,3.09068345,5.576101409,0.24430458300000002,0.178264338,3.654995125,0.235971988,c-CS-s
3478_4,0.36623866200000005,0.589233125,0.364471669,2.534338556,4.605253858,0.234303216,0.187301213,3.230415832,0.194486983,c-CS-s
3478_5,0.385190459,0.60674024,0.37617182899999996,2.584430996,4.786994185,0.24089237,0.16981132100000002,3.2308057430000003,0.190577904,c-CS-s
3478_6,0.377387775,0.63061127,0.39099809,2.666427889,5.101838586,0.24438873,0.17669532,3.2714899710000003,0.194842407,c-CS-s
3478_7,0.353194544,0.544867193,0.33926776700000005,2.309547739,4.232160803999999,0.233309404,0.173007897,2.883417085,0.18277099800000002,c-CS-s
3478_8,0.34494927200000003,0.574180268,0.35097779700000004,2.41493898,4.38391413,0.240111748,0.181590943,2.959123658,0.20673430399999998,c-CS-s
3478_9,0.346266044,0.565781797,0.369603267,2.501458576,4.615665111,0.24883313899999998,0.179696616,2.995186698,0.183634772,c-CS-s
3478_10,0.362734289,0.489893422,0.320470415,2.111172363,3.1661153989999997,0.22895994100000003,0.17879456100000002,2.499632488,0.177692025,c-CS-s
3478_11,0.331241283,0.480299861,0.311541144,2.011680614,3.233960948,0.216004184,0.19525802,2.34832636,0.17346583,c-CS-s
3478_12,0.362683824,0.512683824,0.323897059,2.169301471,3.4685661760000004,0.23805147100000001,0.185661765,2.547610294,0.182904412,c-CS-s
3478_13,0.33901475799999997,0.494907504,0.297027645,2.004988568,3.078362087,0.237580545,0.183122012,2.300561214,0.18852629399999998,c-CS-s
3478_14,0.34467640899999996,0.482463466,0.312943633,2.057411273,3.237578288,0.230688935,0.187056367,2.34091858,0.18350730699999998,c-CS-s
3478_15,0.34243740899999997,0.484998965,0.308090213,2.059797227,3.279329609,0.24353403699999998,0.19180633100000002,2.344506518,0.18787502600000003,c-CS-s
3480_1,0.389727361,0.647760467,0.39792275200000005,2.755355404,4.88088283,0.124959429,0.12358000599999999,2.899545602,0.210564752,c-CS-s
3480_2,0.389434889,0.658394758,0.41048321,2.816707617,4.983456183,0.12915642900000002,0.139148239,2.918509419,0.212285012,c-CS-s
3480_3,0.387995542,0.634532718,0.40073236700000003,2.7650055719999997,4.956376373,0.120999841,0.117815634,2.8662633339999997,0.199251712,c-CS-s
3480_4,0.333437991,0.542124542,0.332077446,2.473678702,4.34829932,0.148613291,0.146729461,3.43192046,0.18859236,c-CS-s
3480_5,0.324310416,0.542301359,0.327295183,2.445862495,4.297344586,0.15232606,0.12958007400000002,3.44195142,0.18762865399999998,c-CS-s
3480_6,0.332816377,0.543010753,0.326509512,2.450062035,4.462779156,0.172353184,0.12479321800000001,3.4799421010000002,0.18072787399999998,c-CS-s
3480_7,0.288483612,0.45555413899999997,0.294477745,2.262849126,3.863920418,0.149215661,0.124346384,3.324575947,0.166687922,c-CS-s
3480_8,0.29067136,0.472592406,0.299346241,2.247674126,3.910736736,0.14835303,0.12081971300000001,3.25257732,0.15903947699999998,c-CS-s
3480_9,0.294436052,0.462613293,0.29909365600000004,2.218403827,3.944486405,0.160246727,0.126007049,3.3466767369999997,0.15835851,c-CS-s
3480_10,0.28472743699999997,0.44000600700000003,0.277969665,2.110977624,3.603694248,0.16248686,0.127496621,2.71842619,0.14867097199999998,c-CS-s
3480_11,0.286105616,0.449398874,0.272561254,2.087657891,3.665956475,0.14122660199999998,0.124790747,2.731243342,0.147618323,c-CS-s
3480_12,0.284736686,0.442576614,0.27030645600000003,2.063076465,3.623921452,0.153674502,0.12198750400000001,2.687146683,0.147872657,c-CS-s
3480_13,0.267156863,0.391402715,0.25565610899999996,1.8684012069999998,3.049962293,0.135935143,0.116892911,2.45852187,0.136877828,c-CS-s
3480_14,0.252985075,0.39552238799999995,0.24888059699999998,1.847201493,3.084514925,0.137873134,0.107649254,2.266977612,0.136380597,c-CS-s
3480_15,0.253180896,0.39037433200000005,0.25078369899999997,1.8191038169999998,3.046653144,0.14991702,0.137009036,2.256131293,0.15360501599999998,c-CS-s
3497_1,0.7783337840000001,1.079118204,0.497159859,3.7576413310000003,8.482553422,0.234514471,0.205572085,2.877332973,0.26372734600000003,c-CS-s
3497_2,0.538505474,0.762113279,0.340028558,2.5880057119999997,5.944788196,0.161351737,0.141932413,1.988481675,0.182674917,c-CS-s
3497_3,0.636917769,0.902702703,0.401265095,3.083381254,7.120759057000001,0.20172512899999998,0.17136285199999998,2.424841863,0.21667625100000001,c-CS-s
3497_4,0.67364921,0.91837074,0.454197839,3.3378221110000004,7.0317539479999995,0.234746467,0.196342477,3.079467997,0.230091438,c-CS-s
3497_5,0.510385757,0.6782888229999999,0.320351137,2.408877349,5.221933729,0.177299703,0.145895153,2.303165183,0.17012858600000003,c-CS-s
3497_6,0.610415394,0.852015883,0.385155773,2.951893708,6.465180208,0.21212584,0.181124007,2.795204643,0.209224191,c-CS-s
3497_7,0.58985536,0.803843868,0.37626312700000003,2.986922925,5.807410343,0.23320784600000002,0.19239152,2.740439865,0.208044383,c-CS-s
3497_8,0.38021438700000004,0.51130053,0.251711223,1.908433424,3.793103448,0.153299755,0.12178742099999999,1.829006845,0.132765078,c-CS-s
3497_9,0.524483134,0.707834603,0.33877403,2.653246282,5.412404788,0.20747189,0.175734494,2.514145811,0.186797243,c-CS-s
3497_10,0.510466989,0.6760984590000001,0.35242696100000004,2.5760294459999997,4.481251438,0.240395675,0.187715666,2.261329653,0.187025535,c-CS-s
3497_11,0.29010771,0.39880952399999997,0.20493197300000002,1.5481859409999998,2.7429138319999997,0.136196145,0.133078231,1.369897959,0.112811791,c-CS-s
3497_12,0.45124324299999996,0.598702703,0.323243243,2.317621622,4.246702703,0.222702703,0.168432432,2.119567568,0.17470270300000001,c-CS-s
3497_13,0.48162939299999996,0.574813632,0.37566560200000004,2.2907348240000003,3.8985623,0.206602769,0.195953142,1.865814696,0.18024494100000002,c-CS-s
3497_14,0.398137885,0.491465307,0.301928619,1.88805143,3.28286411,0.174684106,0.158501441,1.527155841,0.147639104,c-CS-s
3497_15,0.437188565,0.569367952,0.29058484100000004,2.197744558,3.8738526089999996,0.23314975100000002,0.1681091,1.8295305530000001,0.190138998,c-CS-s
50810A_1,0.48814853799999997,0.8672636290000001,0.438504082,3.174743218,4.158348696,0.205754543,0.202857519,2.522978667,0.29483803,c-CS-s
50810A_2,0.435422035,0.8313116709999999,0.41914398799999997,2.98743008,3.968700899,0.193388222,0.206712337,2.352209163,0.293947583,c-CS-s
50810A_3,0.413643486,0.7912498490000001,0.40165119899999996,2.8891768110000005,3.8068579,0.18856213100000002,0.18072797399999999,2.248282512,0.305773171,c-CS-s
50810A_4,0.36004636100000004,0.6400364270000001,0.35483069799999994,2.699478434,4.402930706,0.21069625,0.17170295600000002,2.9015646989999997,0.227253912,c-CS-s
50810A_5,0.36637756299999996,0.642376591,0.344816406,2.688741185,4.172732431,0.209694415,0.164626733,2.8442895360000002,0.239685499,c-CS-s
50810A_6,0.361487482,0.574079529,0.310603829,2.393446244,3.9405743739999997,0.18549337300000002,0.149484536,2.5763622969999997,0.212665685,c-CS-s
50810A_7,0.322756669,0.5584074370000001,0.318815683,2.42502021,3.940379951,0.19907033100000002,0.156628941,2.74242118,0.199676637,c-CS-s
50810A_8,0.289403908,0.542472749,0.304625356,2.345084945,3.677501719,0.198468035,0.151428852,2.644505548,0.19660218,c-CS-s
50810A_9,0.301764706,0.5365686270000001,0.298627451,2.331666667,3.827254902,0.194019608,0.154901961,2.623333333,0.19754902,c-CS-s
50810A_10,0.30508051399999997,0.478092623,0.281612782,2.148795406,3.258145051,0.195356385,0.154287854,2.369991262,0.19423293,c-CS-s
50810A_11,0.259952607,0.465047393,0.262914692,1.959952607,3.186018957,0.20213270100000003,0.165758294,2.252132701,0.175,c-CS-s
50810A_12,0.270645953,0.457540007,0.254059105,1.958766499,3.1693727369999998,0.180352763,0.14122182,2.192033641,0.167270179,c-CS-s
50810A_13,0.28002414,0.46907061,0.278817139,2.064121907,3.1048581769999997,0.192667471,0.16973446,1.997585999,0.173657212,c-CS-s
50810A_14,0.256675521,0.428771145,0.254298896,1.9247868030000002,2.867328394,0.183559346,0.146651755,1.8406263109999998,0.160492101,c-CS-s
50810A_15,0.288087056,0.44845360799999995,0.264318442,1.9189576169999998,2.9889748,0.185710195,0.14561855699999998,1.855097365,0.164805269,c-CS-s
50810D_1,0.5293930729999999,0.774149984,0.383698761,2.736812838,5.012472196,0.217588179,0.176199555,3.214728313,0.24237368899999998,c-CS-s
50810D_2,0.511500118,0.807284716,0.36611979,2.9410471780000003,4.9357092389999995,0.21155506699999999,0.17387550000000002,3.136823927,0.249391632,c-CS-s
50810D_3,0.527760449,0.8108234559999999,0.36938552700000005,2.8433406110000004,4.913833437,0.208671241,0.169993762,3.166172801,0.256316282,c-CS-s
50810D_4,0.41204627,0.6803948940000001,0.314718787,2.5888512169999998,4.3951934580000005,0.202034304,0.155863582,2.954527323,0.20043877100000002,c-CS-s
50810D_5,0.417048669,0.654150005,0.311225983,2.4910757830000003,4.172729933,0.197600702,0.15761240599999998,2.878279528,0.205208232,c-CS-s
50810D_6,0.45383550799999994,0.659450376,0.304270463,2.523428233,4.233689205,0.19493871100000001,0.161328588,2.9494859630000003,0.218663503,c-CS-s
50810D_7,0.405807986,0.5851796220000001,0.286518964,2.341219176,3.7828263860000004,0.201276756,0.158342721,2.6714232069999997,0.19464263399999998,c-CS-s
50810D_8,0.39239571799999995,0.595668758,0.285345146,2.33382552,3.648086625,0.212255445,0.15282392,2.651531931,0.181616833,c-CS-s
50810D_9,0.40444979,0.5884545999999999,0.278532772,2.23728202,3.471196633,0.192062538,0.148767288,2.611665664,0.178592904,c-CS-s
50810D_10,0.356388845,0.548290531,0.26768552100000004,2.1726800059999998,3.235701906,0.191429022,0.15456121,2.2921065069999997,0.168898692,c-CS-s
50810D_11,0.35771235799999995,0.49616682,0.263722784,2.100122662,3.06025759,0.195338853,0.150107329,2.179852806,0.164520086,c-CS-s
50810D_12,0.316723855,0.5035058929999999,0.251379979,2.0176040580000003,2.937043115,0.182903178,0.147545875,2.131433686,0.16127107300000001,c-CS-s
50810D_13,0.35860215100000004,0.518100358,0.24928315399999998,2.041935484,2.937992832,0.18655914,0.149283154,2.0390681,0.163978495,c-CS-s
50810D_14,0.33010045,0.504156564,0.260824385,1.960339453,2.7959819880000003,0.198995497,0.147904399,2.130585383,0.160200901,c-CS-s
50810D_15,0.33053173199999997,0.47838765,0.24631217800000002,2.004116638,2.654545455,0.17186964,0.145283019,1.894682676,0.160205832,c-CS-s
3422_1,0.304965623,0.47776929,0.319786096,2.596944232,4.4473644,0.227196333,0.176165011,4.218640183,0.203972498,c-SC-s
3422_2,0.29896750699999997,0.480564834,0.31521409,2.626784087,4.473428485,0.232007288,0.175068327,4.25933799,0.201488005,c-SC-s
3422_3,0.30329737100000004,0.48564048,0.32137973,2.60644279,4.681811275,0.22823279100000002,0.173985716,4.226105455,0.208478955,c-SC-s
3422_4,0.303962367,0.45413425,0.314818165,2.414510584,4.004704179,0.229781075,0.18201556,3.950606115,0.196309028,c-SC-s
3422_5,0.30276079300000003,0.473040578,0.322586622,2.5278858630000003,4.09968501,0.24272744100000002,0.18065592,4.016490643,0.19751713899999998,c-SC-s
3422_6,0.326897844,0.47872539799999997,0.315463918,2.611246485,4.242736645,0.238238051,0.176382381,4.065042173999999,0.201124649,c-SC-s
3422_7,0.28783722,0.446959305,0.312071331,2.368998628,3.5761316869999997,0.243484225,0.187014175,3.6618655689999997,0.200731596,c-SC-s
3422_8,0.293135011,0.453546911,0.308009153,2.39221968,3.738901602,0.23638443899999997,0.19153318100000002,3.610983982,0.196567506,c-SC-s
3422_9,0.283922463,0.457012543,0.322462942,2.389053592,3.763511973,0.251311288,0.18654504,3.6075256560000004,0.192474344,c-SC-s
3422_10,0.299733333,0.424,0.3096,2.222666667,3.219733333,0.258133333,0.190933333,3.238133333,0.183466667,c-SC-s
3422_11,0.306425916,0.402018056,0.314391928,2.236590547,3.280403611,0.25438130600000003,0.19383961800000002,3.212161445,0.189591078,c-SC-s
3422_12,0.2797969,0.41582041700000005,0.314003207,2.2295563869999997,3.409673971,0.244788883,0.187600214,3.2354355960000003,0.185195083,c-SC-s
3422_13,0.295595432,0.395758564,0.308646003,2.0845024469999998,2.831647635,0.270146819,0.194779772,2.8257748780000003,0.194127243,c-SC-s
3422_14,0.26699187,0.384065041,0.319674797,2.09495935,2.874471545,0.25203252,0.19317073199999998,2.7840650410000003,0.188617886,c-SC-s
3422_15,0.291985367,0.405719987,0.29930163,2.118390422,2.987695377,0.251413369,0.19587628899999998,2.9165281010000004,0.20152976399999997,c-SC-s
3423_1,0.328826711,0.59381613,0.395838232,3.106865742,5.914648483,0.263696214,0.20420879399999997,4.383023748,0.26875147,c-SC-s
3423_2,0.351845384,0.592269182,0.388869484,3.1477471180000003,5.753521947,0.26405868,0.205146117,4.289905693,0.268366515,c-SC-s
3423_3,0.342699271,0.584646132,0.39395720700000003,3.164237009,5.919703739,0.266047496,0.20420879399999997,4.279332236,0.264989419,c-SC-s
3423_4,0.330938353,0.561574939,0.36944963399999997,2.9669492739999996,5.445610001,0.258226757,0.203333812,4.163241845,0.242563587,c-SC-s
3423_5,0.324269006,0.562573099,0.366374269,3.0133040939999995,5.378216374,0.266812865,0.20877193,4.10745614,0.243128655,c-SC-s
3423_6,0.308890795,0.561606632,0.35834762700000006,3.03887936,5.576901086,0.263007433,0.20597484300000002,4.10806175,0.241280732,c-SC-s
3423_7,0.266932994,0.51334665,0.338841474,2.846740512,4.992191756,0.261848556,0.20900671899999998,3.725621936,0.24005810800000002,c-SC-s
3423_8,0.25961032100000003,0.501316482,0.331226962,2.708969633,4.926276988,0.284184659,0.199929788,3.62962963,0.22906793,c-SC-s
3423_9,0.29218918,0.506270154,0.337155142,2.788427087,4.879792189,0.291651738,0.20655679,3.666965245,0.239519885,c-SC-s
3423_10,0.256346328,0.495466908,0.320489574,2.653671804,4.33862194,0.269265639,0.215095195,3.535811423,0.243200363,c-SC-s
3423_11,0.24685299800000002,0.438020055,0.293364626,2.486025176,4.287177299,0.289097504,0.207382121,3.2568807339999997,0.241519095,c-SC-s
3423_12,0.245222246,0.46081168100000003,0.41722138700000005,2.55228688,4.269057333,0.26476272300000003,0.196907881,3.2920334980000003,0.23491518100000003,c-SC-s
3423_13,0.267412935,0.440547264,0.315920398,2.490049751,3.710199005,0.274875622,0.21915422899999998,3.3410447760000004,0.238557214,c-SC-s
3423_14,0.238418933,0.465760322,0.303121853,2.551863041,4.049093656,0.31344410899999997,0.250503525,3.301359517,0.23741188300000002,c-SC-s
3423_15,0.268268516,0.44810502799999996,0.318553381,2.529601189,4.055982165,0.288085212,0.21798365100000003,3.250185782,0.23259846399999998,c-SC-s
3488_1,0.31757242,0.509815657,0.331817094,2.70457266,4.1969116589999995,0.194038784,0.16219775,3.553028489,0.258558774,c-SC-s
3488_2,0.312991657,0.511084625,0.32193087,2.681883194,4.196901073,0.18533969,0.158045292,3.5514898689999996,0.271632896,c-SC-s
3488_3,0.301694915,0.523849879,0.325181598,2.710048426,4.296368039,0.192493947,0.15871670699999998,3.638861985,0.269128329,c-SC-s
3488_4,0.29085956399999996,0.465345036,0.306446731,2.443401937,3.552058111,0.19385593199999998,0.15753632,3.196125908,0.212318402,c-SC-s
3488_5,0.304427202,0.4722349,0.306557128,2.459759623,3.5723413969999998,0.189106953,0.158679446,3.215883158,0.224707135,c-SC-s
3488_6,0.286650775,0.463647199,0.295143027,2.413587604,3.597139452,0.18593563800000001,0.159564958,3.20977354,0.210369487,c-SC-s
3488_7,0.264035874,0.42941704,0.276053812,2.288071749,3.187264574,0.18887892399999998,0.161255605,2.81058296,0.19264574,c-SC-s
3488_8,0.27584947,0.43076361,0.28516624,2.265253928,3.250091341,0.18925831199999998,0.157837048,2.917610522,0.202594081,c-SC-s
3488_9,0.272581792,0.42834281700000004,0.288584637,2.2548008530000003,3.1669630160000004,0.187411095,0.15789473699999998,2.829480797,0.198079659,c-SC-s
3488_10,0.24606060600000002,0.396565657,0.26969697,2.138181818,2.826262626,0.186868687,0.155757576,2.612121212,0.18565656600000002,c-SC-s
3488_11,0.255122143,0.398542159,0.26891253,2.069542947,2.712765957,0.18498818,0.159180457,2.552206462,0.18144208,c-SC-s
3488_12,0.262957011,0.40297308200000004,0.295701085,2.148051426,2.923463238,0.188429088,0.16432302099999999,2.627159502,0.185817597,c-SC-s
3488_13,0.245072614,0.355809129,0.264522822,2.001815353,2.51996888,0.226141079,0.18490663899999998,2.207209544,0.177904564,c-SC-s
3488_14,0.237231009,0.35467980299999996,0.2597874,1.99766658,2.557946591,0.196266528,0.170080373,2.146486907,0.187451387,c-SC-s
3488_15,0.248450413,0.36828512399999996,0.27608471100000004,2.003615702,2.5175619830000002,0.20402892600000003,0.16683884300000001,2.262913223,0.176394628,c-SC-s
3489_1,0.312913066,0.5100406710000001,0.35015251700000005,2.862353838,4.561769192,0.23729029,0.193695984,3.186070158,0.251525165,c-SC-s
3489_2,0.312687443,0.513104707,0.361585604,2.937671144,5.0056069889999995,0.241882905,0.197939757,3.27474247,0.26887469,c-SC-s
3489_3,0.286915531,0.533316346,0.35775258,2.857561473,4.549241942,0.236972863,0.193655243,3.242196458,0.264747102,c-SC-s
3489_4,0.26272,0.47184,0.32768,2.64128,4.25088,0.24064000000000002,0.19424,2.8872,0.22496,c-SC-s
3489_5,0.25165155899999997,0.458288524,0.307420495,2.528499001,4.143954525,0.227377477,0.17929021399999998,2.772161622,0.21631587,c-SC-s
3489_6,0.2601447,0.46539792399999996,0.309688581,2.6193771630000002,4.12865681,0.23151934600000001,0.184649261,2.851525637,0.23403586,c-SC-s
3489_7,0.222222222,0.465865866,0.297897898,2.595995996,3.97037037,0.249449449,0.19699699699999998,2.6964964960000004,0.231231231,c-SC-s
3489_8,0.208941087,0.428869104,0.287175601,2.459556734,3.8787649180000003,0.24872134899999998,0.18867209699999998,2.5322977840000003,0.21272968399999997,c-SC-s
3489_9,0.211814185,0.422099025,0.304721851,2.491493022,3.8063467789999996,0.246033263,0.188300516,2.601032307,0.22099025,c-SC-s
3489_10,0.252401537,0.441642651,0.297550432,2.548511047,3.61167147,0.259365994,0.205331412,2.57012488,0.22982708899999998,c-SC-s
3489_11,0.217319878,0.42994602200000004,0.29453179999999995,2.484158648,3.73104905,0.244308848,0.19995306300000001,2.536728467,0.251818822,c-SC-s
3489_12,0.235487662,0.429847239,0.296827262,2.461809636,3.6484136310000004,0.256874266,0.199294947,2.561927145,0.231962397,c-SC-s
3489_13,0.209951456,0.433555825,0.297936893,2.475121359,3.449332524,0.27487864100000003,0.20631068,2.541868932,0.244538835,c-SC-s
3489_14,0.22937443300000002,0.430945905,0.295859776,2.442127531,3.3493502569999998,0.281353883,0.196131762,2.484738592,0.250831067,c-SC-s
3489_15,0.21501518100000003,0.38310792200000005,0.286502898,2.252829147,3.1446315210000004,0.271598123,0.181617444,2.239304444,0.227159812,c-SC-s
3490_1,0.334410049,0.578375953,0.387528039,2.869627636,5.224943921,0.21920143600000003,0.18932256600000003,3.837236429,0.28003589100000004,c-SC-s
3490_2,0.347258244,0.580863283,0.400981845,2.936550574,5.334197851,0.231104113,0.189885143,3.912560207,0.292145239,c-SC-s
3490_3,0.36317792600000004,0.613320647,0.40532825899999997,3.0629876310000004,5.560418649,0.23101807800000002,0.19514747899999998,4.052616556,0.30076118,c-SC-s
3490_4,0.301626751,0.516493448,0.34579756,2.694532309,4.5368278360000005,0.21927248100000002,0.199502937,3.514234071,0.23463624,c-SC-s
3490_5,0.30711911,0.522412014,0.342428064,2.7310558289999998,4.530436776,0.22262982899999997,0.17665940600000002,3.4952424619999998,0.240972143,c-SC-s
3490_6,0.327989392,0.557618129,0.36354869799999995,2.900675024,4.954676953,0.23782545800000002,0.18635487,3.783630665,0.255665381,c-SC-s
3490_7,0.275488379,0.469841723,0.317410523,2.45743619,4.008983317,0.238984743,0.17881078,3.1943533439999996,0.200912591,c-SC-s
3490_8,0.287589325,0.481697535,0.323465072,2.475134899,4.3497156189999995,0.231733994,0.180399592,3.303485489,0.22196295800000002,c-SC-s
3490_9,0.298368996,0.510549155,0.34206194799999995,2.637887176,4.506359419,0.23193176699999998,0.212778692,3.430794553,0.23522370199999998,c-SC-s
3490_10,0.20795660000000002,0.368062317,0.22729169600000002,1.9339268330000001,3.1744331619999997,0.20002782,0.15426345800000002,2.44748922,0.165808875,c-SC-s
3490_11,0.22501436,0.38584147,0.250574383,1.996553705,3.016944285,0.218983343,0.15537047699999998,2.514503159,0.17073521,c-SC-s
3490_12,0.249705139,0.441786015,0.285593934,2.296545914,3.763100253,0.229149115,0.18416175199999998,2.99663016,0.195956192,c-SC-s
3490_13,0.196118488,0.34865509,0.231018046,1.809499489,2.786516854,0.213653388,0.163432074,2.270003405,0.168709568,c-SC-s
3490_14,0.227461608,0.385727191,0.238121048,1.889611563,2.913098464,0.210478771,0.17073170699999998,2.363504968,0.1833785,c-SC-s
3490_15,0.232640333,0.423284823,0.284615385,2.175051975,3.401663202,0.265904366,0.21663201699999998,2.773388773,0.197089397,c-SC-s
3429_1,0.853105838,1.071847507,0.280458544,2.080645161,3.850306585,0.181284991,0.154625433,2.118501733,0.20114636100000002,t-CS-m
3429_2,0.872787758,0.980172987,0.274916833,2.052561544,3.808915502,0.183499667,0.14970059900000002,2.0778443109999998,0.194677312,t-CS-m
3429_3,0.88856383,1.071409574,0.29375,2.045478723,3.7829787230000003,0.175132979,0.150132979,2.144680851,0.192819149,t-CS-m
3429_4,0.765429988,0.92648316,0.264489656,1.943580099,3.380406907,0.186014703,0.15917250800000002,2.25782185,0.18875021399999997,t-CS-m
3429_5,0.799383245,0.8891553879999999,0.259551139,1.938667124,3.418022957,0.188281652,0.152304266,2.331505911,0.18416995,t-CS-m
3429_6,0.7126089870000001,0.908283032,0.253353454,1.9223675390000001,3.242622401,0.18494299100000003,0.148725687,2.2097585509999997,0.179577465,t-CS-m
3429_7,0.629769299,0.741792369,0.23535936100000002,1.795031056,2.77284827,0.18788819899999998,0.186113576,1.9582963619999998,0.17834960100000002,t-CS-m
3429_8,0.682577566,0.73117813,0.240833153,1.719027989,2.6541549140000003,0.188327186,0.176827945,1.8941202000000001,0.167498373,t-CS-m
3429_9,0.697576162,0.737825217,0.25594841,1.7553924840000001,2.729597509,0.203468979,0.16121859,1.953746942,0.176562153,t-CS-m
3429_10,0.6327056999999999,0.677585762,0.29687903,1.696672685,2.573123549,0.193964405,0.17616714,1.9172040240000001,0.17952024800000002,t-CS-m
3429_11,0.62566709,0.6864040659999999,0.240914867,1.6886912330000001,2.503684879,0.192121982,0.17560355800000002,1.807369759,0.191867853,t-CS-m
3429_12,0.5900077260000001,0.7651300540000001,0.241050734,1.711820757,2.582024208,0.219675509,0.193407159,1.8336337880000002,0.17615245899999998,t-CS-m
3429_13,0.489164087,0.644807205,0.275541796,1.520123839,2.2133408390000002,0.181255277,0.163523783,1.525471433,0.158176189,t-CS-m
3429_14,0.538779121,0.627248599,0.23562371,1.572692421,2.252727809,0.189029785,0.15924506,1.570628133,0.162194043,t-CS-m
3429_15,0.5085554,0.614586255,0.227769986,1.509677419,2.2042075740000002,0.17868162699999998,0.14922861199999998,1.459186536,0.155680224,t-CS-m
3504_1,0.992220227,1.151506084,0.31986834199999997,2.485338121,4.102832635,0.178635548,0.16397366800000002,2.577797726,0.206762418,t-CS-m
3504_2,0.928896811,1.061695385,0.311150723,2.448900772,4.001485443,0.17528223399999998,0.146959794,2.542285601,0.199049317,t-CS-m
3504_3,0.957687153,1.097645032,0.323281639,2.424851618,3.816101857,0.17451656100000001,0.14081945199999998,2.5061267469999997,0.204288723,t-CS-m
3504_4,0.887376701,0.972655762,0.301410913,2.2639530530000003,3.646148083,0.18441753,0.144712199,2.503808216,0.185291547,t-CS-m
3504_5,0.713779191,1.007702653,0.286098545,2.239515833,3.423279129,0.17850593,0.142804744,2.448832376,0.182051596,t-CS-m
3504_6,0.8368708309999999,0.988841722,0.279078229,2.242328684,3.285506367,0.174408733,0.166282596,2.447543966,0.180715585,t-CS-m
3504_7,0.7507155120000001,0.934029765,0.27418431600000004,2.114195764,3.283485976,0.178162564,0.143531769,2.200915856,0.178878077,t-CS-m
3504_8,0.7431116059999999,0.905093237,0.264681325,2.0782076259999998,3.014472586,0.17033120000000002,0.14583913199999998,2.136932925,0.17005288100000002,t-CS-m
3504_9,0.702003878,0.8453781509999999,0.26981254,1.962249515,2.83956044,0.175048481,0.130058177,1.99689722,0.159017453,t-CS-m
3504_10,0.676784249,0.7437243640000001,0.303199344,1.985233798,2.945365053,0.179163249,0.147005742,1.953076292,0.169483183,t-CS-m
3504_11,0.620656525,0.850280224,0.248358687,1.9444355480000002,2.7983987189999997,0.16909527600000002,0.144595677,1.89367494,0.166853483,t-CS-m
3504_12,0.6573910479999999,0.7304181390000001,0.261925795,1.850853946,2.544169611,0.15753828,0.130594817,1.7732626619999998,0.16696113099999998,t-CS-m
3504_13,0.647732002,0.6770703290000001,0.24968789,1.687265918,2.325634623,0.181856013,0.139617145,1.5258010819999999,0.150436954,t-CS-m
3504_14,0.567562267,0.7020984509999999,0.232790743,1.616395372,2.150813885,0.15807021,0.14277309300000002,1.417140616,0.145714846,t-CS-m
3504_15,0.490716673,0.592461938,0.213702191,1.540846639,2.053286298,0.152432232,0.134236911,1.3937987369999998,0.14296323800000002,t-CS-m
3505_1,0.917992093,1.336397904,0.466672796,3.100855015,5.783028409,0.22064907600000003,0.209156937,2.300082743,0.266433759,t-CS-m
3505_2,0.945885309,1.29875258,0.44584043799999995,2.937987975,5.5857489010000005,0.216010051,0.193574441,2.2475096469999998,0.263214574,t-CS-m
3505_3,0.945123015,1.200488571,0.432995987,2.870615948,5.406735299,0.213226313,0.189670215,2.159919735,0.265747688,t-CS-m
3505_4,0.8143907440000001,1.124141256,0.38857418299999996,2.632156201,4.972038086,0.23393997800000002,0.133903821,2.537784741,0.218874292,t-CS-m
3505_5,0.796207393,1.052328373,0.381541047,2.5967354780000003,4.652184349,0.230676908,0.17258761399999997,2.536845895,0.220355257,t-CS-m
3505_6,0.8612655229999999,1.039503253,0.37800118299999996,2.55836783,4.57125961,0.22613838,0.182968658,2.5090479009999997,0.223891189,t-CS-m
3505_7,0.808938878,1.0426224659999999,0.37635045100000003,2.54417641,4.725765872,0.247003108,0.19298505300000002,2.6172857780000003,0.219328104,t-CS-m
3505_8,0.784335982,0.900113507,0.36123723,2.42068672,4.383087401,0.23978433600000001,0.186861521,2.542990919,0.21282633399999998,t-CS-m
3505_9,0.646110057,0.936297099,0.348197343,2.378422337,3.972756845,0.22350230399999998,0.16481431300000002,2.443480618,0.211168338,t-CS-m
3505_10,0.6232972410000001,0.885260217,0.32745372,2.281348236,4.094306671,0.22738386300000002,0.19105833,2.292699965,0.21184072699999998,t-CS-m
3505_11,0.7185975059999999,0.85938912,0.332911621,2.332730887,3.814386409,0.249051148,0.191035605,2.402494126,0.227543828,t-CS-m
3505_12,0.613746857,0.840737636,0.314333613,2.194300084,3.499413244,0.229505448,0.17988264899999998,2.23101425,0.21207041100000001,t-CS-m
3505_13,0.64516129,0.856832186,0.326748822,2.187205509,3.7232693,0.22798115300000002,0.181768757,2.2171076480000003,0.20714026800000002,t-CS-m
3505_14,0.599744944,0.805064675,0.321734378,2.179449809,3.793769357,0.238841319,0.184915285,2.230643104,0.21096738899999998,t-CS-m
3505_15,0.6190730839999999,0.8401069520000001,0.31871657800000003,2.132620321,3.704456328,0.232442068,0.18912656,2.23600713,0.204099822,t-CS-m
3522_1,0.713212025,1.077531646,0.41544699399999996,3.046875,5.5469738920000005,0.218651108,0.19630142399999997,6.32772943,0.24762658199999998,t-CS-m
3522_2,0.751167,1.0438220440000001,0.39077831799999996,2.8682480710000005,5.130132419,0.214537487,0.18929217899999998,6.09555111,0.24692769399999998,t-CS-m
3522_3,0.758857798,1.053672047,0.38410849,2.867443415,5.053385541,0.216693726,0.188616178,6.113647216,0.25690001,t-CS-m
3522_4,0.5517412939999999,0.7727611940000001,0.344278607,2.437810945,4.5334577110000005,0.212686567,0.190547264,6.404850746,0.20534825899999998,t-CS-m
3522_5,0.6125447589999999,0.8482528709999999,0.342264477,2.359797506,3.9962958389999996,0.215211755,0.179775281,6.35214224,0.20644524,t-CS-m
3522_6,0.57797946,0.838309052,0.324337234,2.321112969,4.141748268,0.20277048,0.17566276600000003,6.21925006,0.200382135,t-CS-m
3522_7,0.5955678670000001,0.790785829,0.319142732,2.243913107,4.154104097,0.213296399,0.17888905100000002,6.043446567,0.194634786,t-CS-m
3522_8,0.513900956,0.807413843,0.309006661,2.232551405,3.817694758,0.216623226,0.17752678800000002,6.125253402999999,0.19186214899999998,t-CS-m
3522_9,0.569611503,0.71312042,0.294898382,2.1328632659999998,3.787086963,0.200331813,0.17005392,5.8718374120000005,0.188856629,t-CS-m
3522_10,0.578980623,0.7226200509999999,0.330665543,2.3751053069999997,4.209351306,0.27274642,0.205349621,6.361836563,0.20640269600000002,t-CS-m
3522_11,0.555489614,0.713155292,0.31711177100000004,2.150939664,3.6296735910000004,0.255192878,0.188526212,6.116320475,0.203956479,t-CS-m
3522_12,0.5269437260000001,0.679459137,0.322330483,2.194273215,3.738914297,0.231059853,0.220520978,6.0745675079999994,0.21236826399999997,t-CS-m
3522_13,0.570857286,0.7175706070000001,0.326418395,2.269182704,3.8270432389999995,0.274931267,0.202449388,5.930767307999999,0.221694576,t-CS-m
3522_14,0.48345712399999996,0.636506865,0.290119289,2.019131218,3.21156876,0.236776953,0.19671393199999998,5.491334684,0.20594193100000002,t-CS-m
3522_15,0.48111190299999995,0.665478736,0.36089332399999996,2.097172725,3.537894987,0.24566405300000002,0.207650273,5.7205987170000006,0.21739130399999998,t-CS-m
361_1,0.525159667,0.7866266690000001,0.41784401,2.9471646989999996,5.365686085,0.215211922,0.18521385699999998,3.71008322,0.23592026300000002,t-CS-m
361_2,0.515455875,0.754168698,0.418137494,2.96050707,5.3372988789999996,0.213066797,0.18371526100000002,3.7227693810000004,0.23793271600000002,t-CS-m
361_3,0.51733308,0.742805585,0.41494918799999997,2.887263748,5.376958875,0.218159369,0.180833887,3.6564725989999998,0.243992782,t-CS-m
361_4,0.46462981700000006,0.66658215,0.377915822,2.7016987830000003,4.782074037,0.234533469,0.182302231,4.119675456,0.218940162,t-CS-m
361_5,0.46666666700000003,0.68984375,0.390885417,2.6703125,5.059375,0.238802083,0.186848958,4.159635417,0.2203125,t-CS-m
361_6,0.481457385,0.680676643,0.387638256,2.757709824,5.200910865,0.240728692,0.18776838,4.226675342,0.215224463,t-CS-m
361_7,0.416061925,0.598451863,0.34429930700000005,2.4771811,4.595549105,0.239638768,0.186905338,3.932591517,0.21028866300000001,t-CS-m
361_8,0.426573427,0.606440072,0.351439258,2.5269149459999998,4.521710847,0.246056269,0.190600098,3.9181980810000003,0.203935599,t-CS-m
361_9,0.43010752700000005,0.5981973429999999,0.345825427,2.478810879,4.509803922,0.23861480100000002,0.186907021,3.814832385,0.194971537,t-CS-m
361_10,0.412220961,0.575482406,0.335981839,2.225879682,3.6679909189999997,0.23117669300000002,0.185584563,3.464434355,0.20734014399999998,t-CS-m
361_11,0.397928437,0.553483992,0.331450094,2.256685499,3.959698682,0.248399247,0.186817326,3.448775895,0.20527307,t-CS-m
361_12,0.417036038,0.584891116,0.365002891,2.30815186,4.0156099439999995,0.24359221399999997,0.194449798,3.616303719,0.20389285,t-CS-m
361_13,0.49246344200000003,0.556805399,0.324859393,2.1651293590000003,3.456692913,0.24791901,0.198875141,3.326434196,0.219797525,t-CS-m
361_14,0.423413063,0.556117755,0.331876725,2.213431463,3.556577737,0.249080037,0.21343146300000002,3.379944802,0.23643054300000002,t-CS-m
361_15,0.40668651200000006,0.5830089310000001,0.329745821,2.245019464,3.491183879,0.257384932,0.202198305,3.4227158230000003,0.219830547,t-CS-m
363_1,0.787210825,1.0855521609999998,0.34209952,2.626909646,4.110323003,0.21715408100000003,0.169467481,5.635312091,0.234831951,t-CS-m
363_2,0.862424764,1.071259673,0.342218401,2.545786758,4.052880482,0.227858985,0.167669819,5.565885641,0.233770421,t-CS-m
363_3,0.7743835920000001,1.046803404,0.353698451,2.586188086,4.151429195,0.22277983899999998,0.169212306,5.681431377000001,0.235108008,t-CS-m
363_4,0.6877788970000001,0.942133295,0.311645315,2.2870303730000003,3.606880668,0.223693681,0.170721175,5.416006909,0.21189002399999998,t-CS-m
363_5,0.666568135,0.95876441,0.325450783,2.364912799,3.5727165239999996,0.228495418,0.172627845,5.672036653999999,0.218740763,t-CS-m
363_6,0.694370722,0.918983098,0.310937282,2.292778321,3.506076268,0.259533454,0.162033804,5.385389021,0.20435815100000002,t-CS-m
363_7,0.715018037,0.9259540540000001,0.338902601,2.3734573759999997,3.55686349,0.250806911,0.194797798,5.544902221,0.22308714600000001,t-CS-m
363_8,0.667406996,0.865630205,0.330186933,2.359429946,3.4706644460000002,0.241532482,0.18637793800000002,5.459559504,0.224504905,t-CS-m
363_9,0.643166246,0.907500902,0.31590335399999997,2.317526145,3.415073927,0.239271547,0.184817887,5.5227190770000005,0.213306888,t-CS-m
363_10,0.629817678,0.807523656,0.321024694,2.15531964,3.016385876,0.273713363,0.198246019,4.984537272,0.212785599,t-CS-m
363_11,0.600938967,0.8373239440000001,0.359624413,2.194366197,3.124178404,0.245305164,0.19741784,5.0312206569999995,0.21971831,t-CS-m
363_12,0.65051081,0.8006652409999999,0.328581611,2.291518175,3.08030411,0.263958185,0.219767166,5.182228558,0.21810406300000001,t-CS-m
363_13,0.616950098,0.763590744,0.350989685,2.120713688,2.682743239,0.274881517,0.22358516899999997,4.744354614,0.219682186,t-CS-m
363_14,0.590333717,0.791139241,0.331990794,2.1749136940000002,3.0238780210000002,0.28164557,0.223532796,4.9346950519999995,0.233314154,t-CS-m
363_15,0.621177149,0.819965378,0.35401038700000004,2.194171956,2.889786497,0.27120600100000003,0.22158107300000002,5.004616272,0.230236584,t-CS-m
293_1,0.36472727299999996,0.649212121,0.333575758,2.6704242419999997,4.657333333,0.263272727,0.201575758,4.537090909,0.26230303,t-SC-m
293_2,0.31569446,0.613674828,0.301703712,2.490127496,4.046711046,0.242694347,0.19225995699999998,4.300011283,0.239647975,t-SC-m
293_3,0.322291159,0.59616663,0.296144472,2.4392865059999997,3.8954132510000004,0.23853312699999998,0.187569244,4.269886993,0.24141369399999998,t-SC-m
293_4,0.311808118,0.583167755,0.31308543899999997,2.391143911,3.937553222,0.244252058,0.20139086,4.121629293,0.23389157,t-SC-m
293_5,0.305025997,0.589832467,0.302281918,2.4546504909999998,3.8948584630000003,0.252166378,0.19324090100000002,4.202050838,0.23916811100000002,t-SC-m
293_6,0.28372093,0.559097127,0.283994528,2.32120383,3.6850889189999996,0.24268125899999998,0.178112175,4.0374829,0.235294118,t-SC-m
293_7,0.27260034899999996,0.5359511339999999,0.302443281,2.3783595109999998,3.683769634,0.259162304,0.208376963,4.00069808,0.24205933699999999,t-SC-m
293_8,0.248980258,0.515907978,0.279164627,2.229564366,3.3904388969999997,0.233643335,0.177027248,3.6669929839999997,0.219448523,t-SC-m
293_9,0.25525624199999997,0.518396846,0.29664914600000003,2.24195138,3.432490145,0.249671485,0.178219448,3.760676741,0.23226018399999998,t-SC-m
293_10,0.25943591899999996,0.511198673,0.278100373,2.164869349,3.293654085,0.26171713,0.197843219,3.600580672,0.23952716699999999,t-SC-m
293_11,0.22664500399999998,0.49025182799999995,0.270511779,2.113119415,3.097887896,0.264419171,0.19760357399999998,3.4876116980000003,0.23375304600000002,t-SC-m
293_12,0.22649059600000002,0.47899159700000005,0.27450980399999997,2.087635054,2.906162465,0.25930372100000004,0.19027611,3.491596639,0.23109243699999998,t-SC-m
293_13,0.22741816399999998,0.444006891,0.310115678,2.0930347030000003,2.882599065,0.273935516,0.203544179,3.3125769139999997,0.25695299,t-SC-m
293_14,0.19146399600000003,0.443252265,0.26275631899999996,1.998092513,2.582260372,0.261087268,0.192179304,3.2305674769999997,0.254649499,t-SC-m
293_15,0.209521448,0.46193900299999996,0.29407389,2.100917431,2.607736177,0.287379122,0.20629804100000002,3.364740888,0.244483015,t-SC-m
3501_1,0.342508324,0.71054384,0.36270810200000003,2.79145394,5.502663707000001,0.263152053,0.18135405100000002,5.229522752,0.267924528,t-SC-m
3501_2,0.34324204,0.70329548,0.363838789,2.860164774,5.63905589,0.264195057,0.183589401,5.214874193,0.282119795,t-SC-m
3501_3,0.342134093,0.707274321,0.370070114,2.8926380369999998,6.492659947000001,0.276730938,0.189745837,5.269390885,0.287576687,t-SC-m
3501_4,0.32630854,0.653168044,0.349724518,2.728236915,5.089393939,0.262396694,0.18953168,5.038842975,0.250964187,t-SC-m
3501_5,0.332271027,0.6605237629999999,0.353193848,2.8322017460000004,5.197311902,0.268809755,0.18761258100000003,5.185949841,0.25661632300000004,t-SC-m
3501_6,0.33584750399999996,0.675671969,0.378771256,2.825287987,5.92402633,0.300877674,0.216401536,5.1707350519999995,0.262753703,t-SC-m
3501_7,0.30478805600000003,0.617298782,0.335163892,2.6382357990000003,4.87660889,0.280590355,0.199416509,4.835421315,0.23631371199999998,t-SC-m
3501_8,0.30227882,0.623156836,0.34500670200000005,2.629859249,4.593163539,0.283847185,0.198223861,4.7820040210000005,0.254524129,t-SC-m
3501_9,0.298825503,0.627516779,0.348993289,2.6654362419999997,5.242281879,0.290771812,0.19513422800000002,4.947818792,0.24597315399999997,t-SC-m
3501_10,0.301658449,0.611385029,0.321604662,2.430300314,4.085387719,0.317794711,0.210219632,4.418870462,0.22523532,t-SC-m
3501_11,0.326462766,0.619237589,0.328235816,2.432402482,3.945257092,0.27992021300000003,0.213652482,4.414450355,0.23116134800000002,t-SC-m
3501_12,0.34492951299999997,0.626193724,0.383583447,2.534561164,4.097316962,0.303547067,0.222828558,4.592769441000001,0.239427012,t-SC-m
3501_13,0.28934276,0.582089552,0.34982979799999997,2.398795496,3.786855198,0.320764598,0.22283320199999998,4.325739722,0.234354543,t-SC-m
3501_14,0.35195530700000005,0.60415004,0.378558127,2.457302474,3.8100558660000003,0.316307529,0.229316308,4.4240489489999995,0.248470338,t-SC-m
3501_15,0.316243929,0.615488397,0.364004317,2.565569347,3.677280086,0.328116568,0.231786292,4.508904479,0.257960065,t-SC-m
3530_1,0.333635892,0.602178423,0.32404045600000003,2.8344139,5.132131743,0.242997925,0.179460581,6.35840249,0.21628630699999998,t-SC-m
3530_2,0.382975975,0.588607595,0.307672436,2.77124774,5.116507362,0.245672953,0.177344355,6.2680185999999996,0.212994058,t-SC-m
3530_3,0.940955587,0.6087012820000001,0.321766153,2.7890716039999996,5.36902758,0.239673702,0.18101773899999998,6.463809400000001,0.211187362,t-SC-m
3530_4,0.34328358200000003,0.576451078,0.323880597,2.755389718,4.482089552,0.25920398,0.192205638,6.192868988,0.22106136,t-SC-m
3530_5,0.326129032,0.556451613,0.301774194,2.673548387,4.675806452,0.252419355,0.186129032,5.958064516,0.211451613,t-SC-m
3530_6,0.33806594100000004,0.562233791,0.301782616,2.600567913,4.394541726,0.245937845,0.185833728,5.97933428,0.206026187,t-SC-m
3530_7,0.283811475,0.542622951,0.307172131,2.68852459,4.158811475,0.281147541,0.20737704899999998,6.031557377,0.226229508,t-SC-m
3530_8,0.274880573,0.522492038,0.29299363100000003,2.603702229,4.332404459,0.26751592399999996,0.20222929899999997,5.87758758,0.21735668800000002,t-SC-m
3530_9,0.284920483,0.5140831579999999,0.287794597,2.471163058,4.0013412530000005,0.259053459,0.189499904,5.821996551,0.207702625,t-SC-m
3530_10,0.29953351300000003,0.542106555,0.293150012,2.490547508,3.437269826,0.271298797,0.21605696,5.394058434,0.22759636600000002,t-SC-m
3530_11,0.29647870000000004,0.541738488,0.30091110600000004,2.5070179759999998,3.555035705,0.276779118,0.21620290600000003,5.381679388999999,0.236394977,t-SC-m
3530_12,0.293580247,0.5335802470000001,0.34691358,2.48,3.540246914,0.275308642,0.221481481,5.494074073999999,0.22592592600000003,t-SC-m
3530_13,0.278592375,0.52228739,0.307038123,2.351612903,3.07888563,0.32228739,0.231085044,4.937243402,0.273607038,t-SC-m
3530_14,0.27678571399999996,0.502678571,0.356547619,2.4068452380000003,3.095238095,0.32202381,0.224107143,5.113392857,0.24732142899999998,t-SC-m
3530_15,0.341388804,0.550321199,0.362496176,2.449984705,3.456714592,0.338329764,0.24166411699999998,5.233404711,0.250535332,t-SC-m
3606_1,0.486174589,0.781878428,0.322897623,2.288391225,4.811585923,0.23857404,0.17870201100000002,5.359689213999999,0.20258226699999998,t-SC-m
3606_2,0.476542665,0.75836185,0.303896677,2.242852412,4.78662104,0.238988851,0.165360415,5.130146815,0.201346727,t-SC-m
3606_3,0.489683166,0.786221671,0.318074191,2.300710339,5.008343668999999,0.244559702,0.170932461,5.250761078,0.199458789,t-SC-m
3606_4,0.424989375,0.6796996740000001,0.291967701,2.2415356280000003,4.343674741,0.220569486,0.162345941,5.05666525,0.184445389,t-SC-m
3606_5,0.40312041600000004,0.649019869,0.277103614,2.088145086,4.158687825,0.216428857,0.151486865,4.769569276,0.17802373600000002,t-SC-m
3606_6,0.41450706200000004,0.675030852,0.276840806,2.2022487319999997,4.440010968999999,0.240641711,0.157959687,4.968600027,0.187851364,t-SC-m
3606_7,0.41370558399999996,0.64179357,0.281387479,2.151099831,3.8429780030000003,0.227411168,0.16074450099999998,4.6758037230000005,0.182402707,t-SC-m
3606_8,0.39652059700000003,0.625471853,0.26801247300000003,2.0265878880000003,3.763827343,0.218775644,0.160512063,4.480223207,0.17790907600000003,t-SC-m
3606_9,0.399572298,0.632998848,0.274716236,2.04227669,3.982891923,0.238855075,0.157427208,4.5648955419999995,0.168448758,t-SC-m
3606_10,0.369756497,0.57253939,0.27215060399999996,1.903212605,3.255780643,0.214651115,0.164927358,4.0834868019999995,0.188868426,t-SC-m
3606_11,0.39042663899999996,0.584183143,0.28491155,1.953173777,3.424141519,0.21977107199999998,0.168158169,4.220187305,0.191467222,t-SC-m
3606_12,0.361477046,0.567864271,0.273053892,1.84510978,3.3101796410000004,0.214570858,0.158483034,4.084431138,0.161277445,t-SC-m
3606_13,0.34477199399999997,0.541225242,0.268309535,1.7876554580000001,2.835099033,0.20958083800000002,0.15591893099999998,3.634269922,0.16236757300000002,t-SC-m
3606_14,0.362089915,0.582989064,0.28651275800000003,1.889914945,3.128311057,0.22843256399999998,0.167679222,3.791251519,0.165978129,t-SC-m
3606_15,0.353036625,0.536624942,0.264487714,1.802271674,2.998840983,0.22160408,0.162726008,3.710941122,0.157626333,t-SC-m
3476_1,0.526969902,0.868870477,0.35255326299999995,2.693523842,4.075160636000001,0.239093676,0.17526209,4.610585052,0.279675347,t-CS-s
3476_2,0.55318967,0.857961348,0.347528647,2.630494271,4.125534462,0.22413203399999998,0.17410637899999998,4.607319993,0.294510005,t-CS-s
3476_3,0.544262295,0.902791316,0.370934869,2.642268498,4.559060700000001,0.253079309,0.20327868899999998,4.78147984,0.306247231,t-CS-s
3476_4,0.42579974600000003,0.704007391,0.30049659300000003,2.129922624,3.2776302110000004,0.22866381800000002,0.17022750899999997,4.190899642,0.23790276,t-CS-s
3476_5,0.442892358,0.7320107990000001,0.29487029,2.133348985,3.324568611,0.22467425800000002,0.17243808,4.144265759,0.238173495,t-CS-s
3476_6,0.457482585,0.7285611340000001,0.304107615,2.213547922,3.558131155,0.23408599600000002,0.172952198,4.287653135,0.259548403,t-CS-s
3476_7,0.438651138,0.710455038,0.291847237,2.15804442,3.1845882989999996,0.257990249,0.17646262199999999,4.263949079,0.229279523,t-CS-s
3476_8,0.42691830799999997,0.700785232,0.302107728,2.180741149,3.463837994,0.259953162,0.178674749,4.287642926,0.2487946,t-CS-s
3476_9,0.617111731,0.68779062,0.292148266,2.113192507,3.3932509630000003,0.237013418,0.176032948,4.10827687,0.23289491199999998,t-CS-s
3476_10,0.38582677200000004,0.593951324,0.332319256,2.110415175,2.9579455980000002,0.252505369,0.179849678,3.9520400860000002,0.24194702899999998,t-CS-s
3476_11,0.36254264700000005,0.615191237,0.301669959,2.063386604,2.841443706,0.253905549,0.165379781,3.967139522,0.23343508699999999,t-CS-s
3476_12,0.324104235,0.5521172639999999,0.288273616,1.905863192,2.654723127,0.228338762,0.157166124,3.614006515,0.20488599300000002,t-CS-s
3476_13,0.44297133899999996,0.5648274520000001,0.282316241,1.932930396,2.5640475730000003,0.243127315,0.20920257399999997,3.417820238,0.232014038,t-CS-s
3476_14,0.42747474700000004,0.609090909,0.284848485,2.009090909,2.598989899,0.246666667,0.20020202,3.5818181819999997,0.234545455,t-CS-s
3476_15,0.39258988899999997,0.521628034,0.289833911,1.792297865,2.359737178,0.21828800899999998,0.169008943,3.2929366669999998,0.199306443,t-CS-s
3483_1,0.523507564,0.860404022,0.35555756899999996,2.433010236,4.030709303,0.185886403,0.156082979,2.9365884589999998,0.245221487,t-CS-s
3483_2,0.522842189,0.852922913,0.337886987,2.3433868540000002,4.015523818,0.18185043899999997,0.14716579400000002,2.840060321,0.23933291899999998,t-CS-s
3483_3,0.528320141,0.836851363,0.346877748,2.456112577,3.918997361,0.179331574,0.151275286,2.8416007039999998,0.240545295,t-CS-s
3483_4,0.44439416200000004,0.710940152,0.294829732,2.0686729269999997,3.228306369,0.176829958,0.14322887199999998,2.5965606969999997,0.202851001,t-CS-s
3483_5,0.43586222700000005,0.71873212,0.288591372,2.035587596,3.275431972,0.178052409,0.142922531,2.588625701,0.214326582,t-CS-s
3483_6,0.447674419,0.709883721,0.294651163,2.076860465,3.398023256,0.18116279100000002,0.146744186,2.655,0.209418605,t-CS-s
3483_7,0.435215054,0.680107527,0.285349462,1.9799731180000002,3.070295699,0.175,0.143951613,2.3060483869999997,0.195833333,t-CS-s
3483_8,0.416655634,0.655633523,0.271282934,1.969416126,3.038262942,0.173573415,0.137561234,2.2602939230000003,0.18919634600000002,t-CS-s
3483_9,0.432090456,0.685960425,0.279176201,1.99380805,3.123973617,0.180643424,0.148606811,2.291156279,0.19504644,t-CS-s
3483_10,0.423789174,0.5917022789999999,0.25462963,1.83048433,2.650106838,0.183582621,0.154024217,1.997685185,0.18554131100000001,t-CS-s
3483_11,0.38713098799999995,0.569383065,0.259678275,1.8152731130000002,2.642036415,0.184019798,0.154322079,1.9763125330000002,0.17836309,t-CS-s
3483_12,0.375280899,0.5849611060000001,0.24770959399999998,1.780466724,2.591702679,0.17355229,0.145375972,1.92031115,0.179429559,t-CS-s
3483_13,0.439808345,0.604711519,0.24376123,1.793970852,2.506687962,0.178279098,0.14533839099999998,1.889598722,0.176681972,t-CS-s
3483_14,0.425365854,0.587121951,0.24195122,1.740878049,2.48897561,0.17307317100000003,0.15902439,1.787121951,0.167609756,t-CS-s
3483_15,0.38538206,0.590775845,0.239984366,1.7398866519999998,2.510455345,0.168653508,0.15673246,1.755911667,0.188587063,t-CS-s
50810B_1,0.6909871240000001,0.9699570820000001,0.342748777,2.61772632,4.649765446,0.16528595699999998,0.145723126,1.81435273,0.21020061899999998,t-CS-s
50810B_2,0.704525022,0.962141644,0.343921686,2.618719409,4.739986015,0.17011287600000002,0.145639796,1.81000899,0.20047947300000002,t-CS-s
50810B_3,0.665815826,0.9238170040000001,0.337325741,2.607500491,4.76919301,0.16964461,0.141272335,1.780286668,0.199980365,t-CS-s
50810B_4,0.596245955,0.821877023,0.304595469,2.3777346280000002,4.168802588999999,0.175533981,0.14511326900000002,2.051779935,0.192880259,t-CS-s
50810B_5,0.58123338,0.8053691279999999,0.29530201300000003,2.322274281,4.149930353,0.173610232,0.14131948800000002,2.052804863,0.18969228800000001,t-CS-s
50810B_6,0.576347305,0.800773453,0.292914172,2.264595808,4.184381238,0.178143713,0.141217565,2.004366267,0.173153693,t-CS-s
50810B_7,0.5545365210000001,0.746642647,0.278250901,2.174582378,3.601703243,0.200131019,0.144448084,1.8850311169999998,0.17179823100000002,t-CS-s
50810B_8,0.554878049,0.7485558409999999,0.271983312,2.144255456,3.671534018,0.183087291,0.145378691,1.851251605,0.166720154,t-CS-s
50810B_9,0.7210251390000001,0.767548155,0.29072804399999996,2.1492001309999997,3.7608553710000003,0.213026445,0.158341495,1.913973229,0.166829905,t-CS-s
50810B_10,0.483454851,0.652271453,0.25574873800000003,1.9366236680000002,3.149373715,0.19087679899999999,0.141708731,1.610955319,0.149560666,t-CS-s
50810B_11,0.471245718,0.631332252,0.24788173800000002,1.87236344,3.117901568,0.173427078,0.138092663,1.555074815,0.163511808,t-CS-s
50810B_12,0.489420423,0.64949402,0.258141674,1.946642134,3.232014719,0.201839926,0.143146274,1.5876724930000001,0.165041398,t-CS-s
50810B_13,0.454020221,0.633124699,0.245064998,1.843283582,2.7831006260000004,0.20269619600000002,0.145402022,1.432354357,0.158401541,t-CS-s
50810B_14,0.451401869,0.631308411,0.245794393,1.8109813080000001,2.7607476639999997,0.198598131,0.145327103,1.402336449,0.173130841,t-CS-s
50810B_15,0.474926254,0.601089176,0.24211481699999998,1.791014295,2.749262537,0.20285908800000002,0.14545042,1.343998185,0.14545042,t-CS-s
50810C_1,0.583922694,0.962747707,0.442335971,2.883551572,4.420138646,0.196414817,0.180659618,2.005811918,0.262796723,t-CS-s
50810C_2,0.600599743,1.047693845,0.441596459,2.9231043839999997,4.507068399,0.199771526,0.184206769,2.040696844,0.263601314,t-CS-s
50810C_3,0.5770698870000001,0.9804288990000001,0.464848359,2.995766535,4.380387258,0.201540704,0.186203068,1.9739051980000002,0.24977444699999998,t-CS-s
50810C_4,0.52425161,0.8938992040000001,0.37324744200000004,2.5573133759999997,4.331849185,0.209738537,0.165782493,2.417298219,0.22802197800000001,t-CS-s
50810C_5,0.509837631,0.900191022,0.381948424,2.6620821390000002,4.28061127,0.213467049,0.16953199600000002,2.395797517,0.22168099300000002,t-CS-s
50810C_6,0.507273405,0.880082059,0.374207385,2.533196568,1.991141365,0.209716524,0.164304364,2.330380455,0.217456173,t-CS-s
50810C_7,0.45218002799999996,0.793248945,0.33790436,2.45241444,4.0134786689999995,0.211204876,0.163033286,2.244842944,0.20686826100000003,t-CS-s
50810C_8,0.470532093,0.819374851,0.341565259,2.4378429969999997,3.868289191,0.20949654,0.165115724,2.31567645,0.205559532,t-CS-s
50810C_9,0.466737816,0.822957429,0.342226965,2.498280564,4.132811574,0.212735681,0.166014467,2.295505751,0.198861615,t-CS-s
50810C_10,0.42808272399999997,0.749028145,0.312548593,2.28487016,3.634737988,0.21738454399999999,0.162805162,2.066552636,0.20012439699999998,t-CS-s
50810C_11,0.441585424,0.761387246,0.301582228,2.3423365830000002,3.844334346,0.225986895,0.171328113,2.140163017,0.20377177600000002,t-CS-s
50810C_12,0.413541825,0.734173372,0.30803097,2.244724457,3.817822985,0.216031577,0.165325641,2.045240625,0.19250038,t-CS-s
50810C_13,0.40826390100000004,0.6940996429999999,0.294337698,2.139091991,3.3933004589999998,0.222411155,0.161197075,1.778949158,0.205407244,t-CS-s
50810C_14,0.423482621,0.734912675,0.285146118,2.180356216,3.2618018330000003,0.20888812,0.166868407,1.8554383540000001,0.190731454,t-CS-s
50810C_15,0.45649386299999994,0.7691884959999999,0.309030958,2.3165414909999997,3.5574281,0.245466203,0.17549001600000003,1.927825609,0.216523173,t-CS-s
50810E_1,0.5739918279999999,0.93311423,0.376709895,2.629863208,4.490939776,0.20385503600000002,0.161662818,2.952034109,0.24054006,t-CS-s
50810E_2,0.6116988179999999,0.926926838,0.383856343,2.578540315,4.336474353,0.20339585699999999,0.16454796,2.8708329630000002,0.23353186899999998,t-CS-s
50810E_3,0.6115088360000001,0.931128228,0.38622564600000003,2.721975532,4.757589488,0.21014952399999998,0.17562301800000002,2.953239692,0.239963752,t-CS-s
50810E_4,0.537875952,0.80581555,0.33383252199999996,2.341819543,3.7945838010000004,0.21178085600000002,0.160863597,2.590415575,0.207912143,t-CS-s
50810E_5,0.6276343679999999,0.78077067,0.33171218399999997,2.299912707,3.990896621,0.21149769300000001,0.161740865,2.580995137,0.208380097,t-CS-s
50810E_6,0.5931673129999999,0.771743211,0.330872231,2.34351145,3.839444375,0.20873482699999998,0.165310975,2.6267050430000003,0.20760856,t-CS-s
50810E_7,0.451539165,0.677384944,0.299756172,2.125114294,3.572691253,0.20771106399999997,0.169765315,2.3466930809999997,0.192776593,t-CS-s
50810E_8,0.517765685,0.71846991,0.306177977,2.233034571,3.6955825860000004,0.219430218,0.173975672,2.440941101,0.20278489100000002,t-CS-s
50810E_9,0.489535799,0.704956727,0.305586153,2.220456334,3.640912667,0.20991345399999997,0.173092054,2.44563336,0.200786782,t-CS-s
50810E_10,0.418501529,0.6678899079999999,0.29617737,2.193272171,3.573394495,0.19266055,0.143577982,2.549541284,0.20474006100000003,t-CS-s
50810E_11,0.419344822,0.643688868,0.2906381,2.266884024,3.724421674,0.196863841,0.13972985599999999,2.6578171090000002,0.20680018600000002,t-CS-s
50810E_12,0.43934681200000003,0.658009331,0.296423017,2.231570762,3.67651633,0.20559875600000002,0.141679627,2.708087092,0.206376361,t-CS-s
50810E_13,0.43582640799999994,0.674053555,0.278855032,2.0714681440000002,3.322622345,0.20886426600000002,0.18707294600000002,2.213850416,0.21698984300000002,t-CS-s
50810E_14,0.42456856600000004,0.659862683,0.276118018,2.081833364,3.193542401,0.229356096,0.164594544,2.2917053259999998,0.209129709,t-CS-s
50810E_15,0.47882241200000003,0.6662868000000001,0.290978158,2.1471984809999998,3.268945869,0.224121557,0.166191833,2.332003799,0.209116809,t-CS-s
3421_1,0.30010089,0.584518023,0.323672384,2.02806567,3.253324773,0.215078419,0.165092176,3.2345226080000002,0.223424745,t-SC-s
3421_2,0.296766423,0.5863059389999999,0.317242657,2.0111183169999998,3.2337626239999997,0.215232095,0.156675623,3.31909571,0.24386176199999998,t-SC-s
3421_3,0.318265952,0.613151486,0.345640526,2.153044325,3.3783731130000003,0.220555285,0.181198246,3.4768631269999997,0.261568436,t-SC-s
3421_4,0.286237741,0.519021446,0.300678952,1.8175449940000001,2.7630132560000003,0.20756547,0.152818192,2.903976722,0.204440134,t-SC-s
3421_5,0.278368993,0.5035286210000001,0.301781113,1.9137448190000002,2.786042343,0.20858071,0.158731937,3.049848773,0.210148986,t-SC-s
3421_6,0.298557804,0.541521284,0.310188416,1.9244010230000002,2.9767387760000004,0.221330542,0.19155617600000002,3.1224703419999997,0.211095604,t-SC-s
3421_7,0.23755656100000003,0.42093355600000004,0.250059538,1.5015479880000002,2.163610383,0.18706835,0.14205763300000002,2.293641343,0.16396761099999999,t-SC-s
3421_8,0.252389804,0.46096654299999995,0.258629846,1.714285714,2.420074349,0.202469464,0.155868295,2.587227828,0.18467870399999997,t-SC-s
3421_9,0.26375335899999997,0.48960543100000004,0.27732993899999997,1.7816433319999998,2.6263611940000002,0.215528214,0.168293028,2.745439118,0.19601188,t-SC-s
3421_10,0.238836364,0.384145455,0.23461818199999998,1.44,1.928436364,0.198690909,0.152581818,2.0935272730000003,0.156654545,t-SC-s
3421_11,0.22689953699999998,0.395432154,0.248693835,1.460665771,1.8601283769999999,0.188535602,0.148977459,2.178981938,0.165397821,t-SC-s
3421_12,0.261107314,0.443779904,0.276657553,1.6741285030000002,2.256493506,0.218215995,0.176008202,2.475734792,0.184039645,t-SC-s
3421_13,0.216134185,0.364057508,0.241693291,1.330830671,1.737539936,0.197124601,0.151597444,1.919488818,0.16277955300000002,t-SC-s
3421_14,0.212369478,0.369959839,0.239036145,1.346827309,1.814939759,0.19453815300000002,0.143453815,1.90811245,0.155823293,t-SC-s
3421_15,0.25728988,0.432628168,0.289689346,1.5892891180000002,2.125976749,0.232704403,0.17724414,2.3085572709999997,0.18105584100000002,t-SC-s
3425_1,0.37869997,0.738617367,0.318812076,2.426885633,4.070213394,0.21909725600000002,0.165896352,3.622971777,0.246435244,t-SC-s
3425_2,0.364971751,0.702542373,0.314783427,2.332015066,3.675235405,0.211770245,0.156967985,3.4772128060000003,0.229661017,t-SC-s
3425_3,0.36985799399999997,0.681355932,0.298396702,2.309665598,3.67924874,0.212093449,0.157764544,3.374988548,0.22684379300000002,t-SC-s
3425_4,0.340110471,0.63039135,0.284404748,2.164179104,3.433540957,0.20448936399999998,0.15512986199999998,3.172875779,0.216241627,t-SC-s
3425_5,0.36435665700000003,0.6038388570000001,0.269501172,2.031692891,3.103894655,0.194397947,0.174199308,2.9801361460000004,0.204553063,t-SC-s
3425_6,0.35314336399999996,0.595631445,0.261558931,2.055105888,3.0705177960000003,0.197915512,0.154229959,3.0460139710000003,0.19869165100000002,t-SC-s
3425_7,0.306110712,0.547951114,0.260963336,1.975557153,2.908123652,0.188641265,0.153414809,2.685406183,0.19396117899999998,t-SC-s
3425_8,0.278722045,0.49290734799999997,0.234376997,1.773929712,2.554504792,0.17546325899999998,0.135463259,2.3585942490000003,0.17022364199999998,t-SC-s
3425_9,0.274203945,0.49104035100000004,0.23501353600000002,1.768982854,2.596106742,0.18306046199999998,0.132654377,2.442696919,0.169008637,t-SC-s
3425_10,0.273416887,0.48087071200000003,0.246042216,1.733509235,2.4281002640000002,0.18469657,0.146273087,2.254287599,0.166062005,t-SC-s
3425_11,0.25425287399999996,0.43586206899999996,0.207662835,1.590038314,2.152337165,0.171494253,0.134252874,2.06835249,0.156321839,t-SC-s
3425_12,0.261084505,0.440908389,0.216283022,1.619032906,2.194963695,0.185539935,0.161285339,2.0913023330000002,0.154333385,t-SC-s
3425_13,0.235262206,0.411392405,0.203435805,1.484990958,1.944122966,0.165461121,0.13598553300000002,1.706690778,0.157142857,t-SC-s
3425_14,0.235136583,0.390108909,0.206748795,1.466880914,1.836636315,0.165684699,0.146402428,1.65738261,0.154258168,t-SC-s
3425_15,0.226490527,0.380497132,0.19415956899999998,1.414913958,1.7947157999999999,0.162350078,0.1329741,1.654962628,0.148096645,t-SC-s
3426_1,0.500643119,0.828336796,0.40932027299999996,2.68328881,4.594835263,0.252003562,0.197684773,4.195310181,0.255664391,t-SC-s
3426_2,0.478054342,0.807524226,0.38732662,2.608018241,4.36699601,0.241022231,0.189720692,4.080562416999999,0.25137754100000004,t-SC-s
3426_3,0.490755977,0.836221082,0.376439841,2.620559481,4.414287097,0.250120995,0.1985287,4.218662279,0.259413416,t-SC-s
3426_4,0.484586466,0.74160401,0.382957393,2.445614035,4.281578947,0.25764411,0.19887218,3.963032581,0.24373433600000002,t-SC-s
3426_5,0.440089191,0.7116535620000001,0.347259711,2.367210421,3.6839572819999997,0.241168877,0.194578101,3.7192817739999997,0.234714235,t-SC-s
3426_6,0.452596073,0.729309722,0.34718708600000003,2.384170582,3.941573304,0.244187447,0.19286832899999998,3.792193712,0.255270449,t-SC-s
3426_7,0.42034638799999996,0.666250585,0.34404743299999996,2.308472461,3.622405992,0.24606022800000002,0.19535028899999998,3.4694960210000003,0.233577781,t-SC-s
3426_8,0.39416893,0.62369587,0.316564242,2.104044591,3.314706303,0.234529084,0.200657425,3.208803773,0.221809347,t-SC-s
3426_9,0.40173887,0.659571279,0.321840803,2.183930445,3.4117823410000003,0.236546245,0.19082596300000002,3.384350172,0.231899265,t-SC-s
3426_10,0.38218181799999995,0.586545455,0.318545455,2.072,3.073636364,0.259636364,0.202727273,3.006363636,0.223454545,t-SC-s
3426_11,0.365621698,0.572208524,0.29799225100000004,2.0049313140000002,2.7835505460000003,0.24533286399999998,0.190383938,2.948221205,0.21750616399999997,t-SC-s
3426_12,0.36560486799999997,0.599498926,0.301539012,2.0628131709999997,2.952576951,0.24856836100000002,0.198818898,3.069434503,0.226735863,t-SC-s
3491_1,0.45099035,0.714660572,0.383866599,2.598103944,4.396478753999999,0.26790248899999997,0.18537328600000003,5.415185373,0.283561876,t-SC-s
3491_2,0.430101997,0.725550699,0.40113139600000003,2.647295792,4.216250963999999,0.271277963,0.183251907,5.483843319,0.297420074,t-SC-s
3491_3,0.422576225,0.72045221,0.380524152,2.646282974,4.377440904,0.2995889,0.183967112,5.483384721,0.304556355,t-SC-s
3491_4,0.39563466799999997,0.638482729,0.353676626,2.509218055,3.98018648,0.262237762,0.183937275,5.919156601,0.284700148,t-SC-s
3491_5,0.391900377,0.63614483,0.352658016,2.413980745,3.807974048,0.260150691,0.178107995,5.732105483,0.272917539,t-SC-s
3491_6,0.383192765,0.626562341,0.33289299899999997,2.357280764,3.7225891680000003,0.25170206300000003,0.173153135,5.786302205,0.267147648,t-SC-s
3491_7,0.372281167,0.577851459,0.34336869999999997,2.2356763930000003,3.4098143239999996,0.25344827600000003,0.179575597,5.382891247000001,0.23687002699999998,t-SC-s
3491_8,0.34712136899999996,0.565093361,0.313407676,2.1571576759999997,3.3051089210000004,0.24598029,0.17479253100000003,5.19878112,0.235736515,t-SC-s
3491_9,0.330275229,0.542507645,0.289785933,2.0510091740000003,3.117675841,0.24,0.163914373,5.053333333,0.226911315,t-SC-s
3491_10,0.422991643,0.573767696,0.363295241,2.321848883,3.5630223439999997,0.27033941699999997,0.20689067,5.645062255,0.23793279899999997,t-SC-s
3491_11,0.46894462200000003,0.568254503,0.38596195899999997,2.250126241,3.358020535,0.268641643,0.22235313899999998,5.471806093,0.233630702,t-SC-s
3491_12,0.373620945,0.561337066,0.36192985299999997,2.1967726,3.4114934960000003,0.28058620100000004,0.22196607899999998,5.370986332999999,0.232175202,t-SC-s
3491_13,0.43200681,0.538838051,0.358586933,2.208129389,2.9525430939999997,0.28559267899999996,0.20685252199999998,5.23409236,0.267290913,t-SC-s
3491_14,0.41199832799999997,0.5361622070000001,0.362458194,2.115593645,2.9038461539999996,0.300585284,0.239130435,5.2207357860000005,0.261078595,t-SC-s
3491_15,0.354198767,0.485939908,0.35612480700000004,1.9551232669999998,2.864791988,0.28890600899999996,0.226117103,4.699922958,0.228043143,t-SC-s
3525_1,0.437859667,0.7053003529999999,0.417970722,2.796769308,5.460777385,0.279858657,0.19081272100000002,6.455830389,0.283493185,t-SC-s
3525_2,0.45087900700000005,0.7358841779999999,0.435056877,2.9749741469999997,5.829058945,0.293795243,0.19410548100000002,6.607238883,0.297931748,t-SC-s
3525_3,0.441197654,0.734952156,0.44335837,2.978289948,6.201461056,0.296738348,0.18849675899999999,6.572486881000001,0.299207737,t-SC-s
3525_4,0.412267658,0.645848823,0.40384138799999997,2.594052045,5.178686493,0.288228005,0.18810408899999997,6.860346964,0.24275092899999998,t-SC-s
3525_5,0.430794534,0.6671305670000001,0.425733806,2.637525304,5.378415992000001,0.29402834,0.21634615399999998,6.9511639679999995,0.264423077,t-SC-s
3525_6,0.423008625,0.6759259259999999,0.439751395,2.702308473,5.899036022000001,0.302004059,0.215119229,7.1046423139999995,0.273972603,t-SC-s
3525_7,0.382194684,0.60345671,0.38349910299999995,2.4708951569999997,4.552258275,0.289091798,0.20185879699999998,6.381705527,0.244741562,t-SC-s
3525_8,0.39986422299999996,0.637813985,0.405295316,2.652579769,5.181602172,0.30465037300000003,0.208078751,6.666327223,0.253903598,t-SC-s
3525_9,0.39150178399999996,0.624391826,0.4041518,2.623905287,5.215212455,0.304573467,0.19672397,6.449237755,0.24424262100000002,t-SC-s
3525_10,0.36448792700000004,0.587427144,0.420482931,2.5437135719999997,4.521856786,0.321815154,0.209616986,6.353663613999999,0.25020816,t-SC-s
3525_11,0.382148693,0.595792484,0.399101307,2.527573529,4.629493463999999,0.317810458,0.213235294,6.219566993,0.232638889,t-SC-s
3525_12,0.38794651799999996,0.586509679,0.431650369,2.527040511,4.78108162,0.316902814,0.222111355,6.307723009,0.239074037,t-SC-s
3525_13,0.34369516200000005,0.562547004,0.361243419,2.412885435,3.949360742,0.330157934,0.22562045600000002,6.060165455,0.25495111600000003,t-SC-s
3525_14,0.346593734,0.5514669320000001,0.390353058,2.4450522130000003,4.236200895,0.343610144,0.22923918399999998,6.0233714570000005,0.24067628,t-SC-s
3525_15,0.365906887,0.5528613,0.38627546100000004,2.473811833,4.347235694,0.353782735,0.232783705,6.085354025,0.24272550899999998,t-SC-s